name,size,forward_primer,reversed_primer,annealing_temp,ext_time,template
mCherry-M86_C,438,P03.F,P04.R,58.00000000000001,60,mCherry-M86_C
mCherry-gp41-8_C,408,P11.F,P04.R,58.27,60,mCherry-gp41-8_C
mCherry-gp41-1_C,381,P08.F,P04.R,58.43,60,mCherry-gp41-1_C
mCherry-M86_N,825,P01.F,P02.R,58.79,60,mCherry-M86_N
mCherry-gp41-1_N,789,P01.F,P07.R,59.419999999999995,60,mCherry-gp41-1_N
mCherry-gp41-8_N,792,P09.F,P10.R,60.46,60,mCherry-gp41-8_N
mCherry-gp41-1_Mut,759,P05.F,P06.R,62.01999999999999,60,mCherry-gp41-1_Mut
mCherry-M86_Mut,759,P05.F,P06.R,62.089999999999996,60,mCherry-M86_Mut
mCherry-gp41-8_Mut,759,P05.F,P06.R,62.089999999999996,60,mCherry-gp41-8_Mut
