primer_name,sequence,tm,tm_total,gc,dg,fwd,offtargets,penalty
P001J.F,CGTCTCGGTCTCAGGAGGCCTCCACACCGCTCG,68.5,79.9,0.7,-1.7680700000000034,True,0,16.636140000000005
P002J.R,CGTCTCGGTCTCAAGTAAGAGGTGTTACGATAGATGGGCG,68.2,75.5,0.5,-0.11021000000000214,False,0,7.420420000000007
P003J.F,CGTCTCGGTCTCAAATGATGAGCGATAGTCCGCA,62.8,74.1,0.5,-2.7607650000000024,True,0,11.321530000000003
P004J.R,CGTCTCGGTCTCAAAGCTTATTATCTTCTCAGTACCTCTTCC,62.1,73.0,0.5,0.0,False,0,3.1000000000000014
P005J.F,CGTCTCGGTCTCAAATGACAGATGTAACGATTAAAAGAATAATATC,60.6,70.1,0.3,-3.571130000000002,True,0,16.14226
P006J.R,CGTCTCGGTCTCAAAGCTTATTAGACGCTCGCG,60.5,74.5,0.5,-1.5365100000000025,False,0,10.573020000000005
P007J.F,CGTCTCGGTCTCAGGAGGCGCGGATAAAAATTTCATTTG,63.5,75.3,0.5,-3.6348150000000023,True,0,8.769630000000005
P008J.R,CGTCTCGGTCTCAAGTATGGGTTCAACGATAGATGG,63.0,73.4,0.5,0.0,False,0,4.0
P009J.F,CGTCTCGGTCTCAAATGAATGAAACCGATCCTGATC,60.0,72.2,0.5,-6.333900000000003,True,0,17.667800000000007
P010J.R,CGTCTCGGTCTCAAAGCTTATTATTCTTTAACATACAGGCAC,59.6,71.4,0.4,0.0,False,0,5.699999999999998
P011J.F,CGTCTCGGTCTCAAATGCTGAAAAAAATCCTGAAAATCGA,60.2,72.0,0.4,0.0,True,0,3.099999999999997
P012J.F,CGTCTCGGTCTCAGGAGCAGTACAAAATTTTTTAGATGCGTTG,62.1,73.7,0.4,0.0,True,0,4.400000000000001
P013J.R,CGTCTCGGTCTCAAGTAAATCGAGAACCTCTGCC,61.9,73.4,0.5,-1.8553100000000011,False,0,8.810620000000004
P014J.F,CGTCTCGGTCTCAAATGCCTGCCGCACGTCCGG,73.0,80.5,0.7,-1.3739350000000075,True,0,20.347870000000015
P015J.R,CGTCTCGGTCTCAAAGCTTATTATTTTGCACGGCTACGC,63.9,74.5,0.5,0.0,False,0,1.8999999999999986
P016J.F,CGTCTCGGTCTCAAATGTGTGAAATCTTTGAAAACGAGATC,62.8,72.4,0.4,-3.4002750000000015,True,0,9.900549999999999
P017J.R,CGTCTCGGTCTCAAAGCTTATTATGCCGGTGCTTCCAT,63.4,74.7,0.5,-0.37804500000000285,False,0,3.1560900000000043
P018J.F,CGTCTCGGTCTCAGGAGCAGTACAAAATTTTTTAGATGCGTTCG,64.7,75.0,0.5,0.0,True,0,7.700000000000003
P019J.R,CGTCTCGGTCTCAAGTACGGTCGTGACGGTGAG,66.9,76.5,0.6,-4.626380000000005,False,0,20.452760000000016
P020J.F,CGTCTCGGTCTCAAATGGCAGCAACCGATATTAGC,62.9,74.5,0.5,-2.2017350000000038,True,0,9.303470000000006
P021J.R,CGTCTCGGTCTCAAAGCTTATTATTCCAGCTCGATCAGC,62.5,73.8,0.5,-0.6366850000000026,False,0,1.7733700000000052
P022J.F,CGTCTCGGTCTCAAATGACAGATGTAACGATTAAAAAATTCAAAC,61.2,70.6,0.4,-3.571130000000002,True,0,14.242260000000002
P023J.R,CGTCTCGGTCTCAAAGCTTATTATGCAGGCAGACC,61.2,74.3,0.5,-1.2568300000000052,False,0,7.313660000000008
P024J.F,CGTCTCGGTCTCATGACAGCTGTCACCGGATGT,63.3,75.7,0.6,-0.926555000000004,True,0,9.453110000000006
P025J.R,CGTCTCGGTCTCAAGTATTAAACAAAATTATTTGTAGAGGCTGTTT,62.0,70.6,0.3,-2.075980000000002,False,0,11.751960000000004
P026J.F,CGTCTCGGTCTCATACTATTAAAGAGGAGAAAAATGTGAG,59.1,69.8,0.4,-0.10475500000000126,True,0,4.409510000000001
P027J.R,CGTCTCGGTCTCACATTTTTCTCCTCTTTAATAGTATGAGA,58.7,70.2,0.4,-0.16170000000000417,False,0,5.923400000000005
P028J.F,CGTCTCGGTCTCAGCTTCCAGGCATCAAATAAAA,56.0,72.5,0.5,0.0,True,0,11.0
P029J.R,CGTCTCGGTCTCAAGCGTATAAACGCAGAAAGG,56.2,73.7,0.5,-2.890260000000003,False,0,17.580520000000003
P030J.F,CGTCTCGGTCTCAGGAGAGAAACCAATTGTCCATATTGC,61.9,73.9,0.5,-1.6962800000000016,True,0,3.4925600000000045
P031J.R,CGTCTCGGTCTCAAGTAATGGAGAAACAGTAGAGAGTTG,63.1,72.8,0.5,-0.5276649999999994,False,0,2.15533
P032J.F,CGTCTCGGTCTCAGGAGAACAAACAGACAATCTGGTC,60.8,73.9,0.5,-0.4586799999999993,True,1,24.11736
P033J.R,CGTCTCGGTCTCAAGTAATAATACAAACAGACCAGATTGTC,60.8,71.0,0.4,-1.4927350000000041,False,1,26.48547000000001
P034J.F,CGTCTCGGTCTCAGGAGGGGGCCTCGCTTGGGTTAT,68.5,79.2,0.6,-0.9248400000000014,True,0,11.649680000000004
P035J.R,CGTCTCGGTCTCAAGTAGTTAATAACGGTAACGGAGCAAA,63.3,72.9,0.5,-1.3235150000000009,False,0,4.947029999999999
P036J.F,CGTCTCGGTCTCAGGAGCCCTTTGTGCGTCCAAA,63.6,77.3,0.6,-1.2173200000000035,True,0,9.334640000000007
P037J.R,CGTCTCGGTCTCAAGTAAGCGTTTTCAAGTTCGTGGA,63.9,73.5,0.5,0.0,False,0,3.8999999999999986
P038J.F,CGTCTCGGTCTCAGGAGACCTGTAGGATCGTACAGGTTT,63.2,74.6,0.5,-4.521295000000005,True,0,10.242590000000012
P039J.R,CGTCTCGGTCTCAAGTATTTATTCGACTGTAACAAACCATTTTC,62.3,71.1,0.4,0.0,False,0,5.599999999999997
P040J.F,CGTCTCGGTCTCAGGAGATTGGATCCAATTGACAGCTAG,64.1,75.2,0.5,-0.4586799999999993,True,0,3.017359999999993
P041J.R,CGTCTCGGTCTCAAGTAATTGGATCCAATGGTACCTAGG,63.6,73.1,0.5,-0.9337250000000072,False,0,3.467450000000016
