name,size,forward_primer,reversed_primer,annealing_temp,ext_time,template
mCherry-M86_C,438,P03.F,P04.R,58.00000000000001,60,FP-R182-mCherry-M86-C
mCherry-gp41-8_C,408,P11.F,P04.R,58.27,60,FP-R245-mCherry-gp41-8-C
mCherry-gp41-1_C,381,P08.F,P04.R,58.43,60,FP-R244-mCherry-gp41-1-C
mCherry-M86_N,825,P01.F,P02.R,58.79,60,FP-R232-mCherry-M86-N
mCherry-gp41-1_N,789,P01.F,P07.R,59.419999999999995,60,FP-R195-mCherry-gp41-1-N
mCherry-gp41-8_N,792,P09.F,P10.R,60.46,60,FP-R264-mCherry-gp41-8-N
mCherry-gp41-1_Mut,759,P05.F,P06.R,62.01999999999999,60,FP-R194-mCherry-gp41-1-residues
mCherry-M86_Mut,759,P05.F,P06.R,62.089999999999996,60,FP-R222-mCherry-M86-residues
mCherry-gp41-8_Mut,759,P05.F,P06.R,62.089999999999996,60,FP-R224-mCherry-gp41-8-residues
