primer_name,sequence,tm,tm_total,gc,dg,fwd,offtargets,penalty
P01.F,CGTCTCGGTCTCAAATGGTGAGCAAGGGCGAAG,63.6,75.7,0.6,-1.3088650000000008,True,0,10.517730000000004
P02.R,CGTCTCAGGTCTCAAAGCTTATTATTCTAGTTTACGGGGTAGAG,62.6,72.7,0.4,-0.26094000000000284,False,0,5.421880000000007
P03.F,CGTCTCGGTCTCAAATGAGCTCCTCTTTACAATTGG,61.7,73.1,0.5,-1.4771099999999997,True,0,6.254219999999997
P04.R,CGTCTCAGGTCTCAAAGCCTTGTACAGCTCGTCCAT,61.9,75.0,0.5,-0.7265350000000016,False,0,5.553070000000004
P05.F,CGTCTCGGTCTCAAATGGTGAGCAAGGGCGAAGAA,65.0,75.8,0.5,-1.3088650000000008,True,0,9.617730000000002
P06.R,CGTCTCAGGTCTCAAAGCCTTGTACAGCTCGTCCATG,64.6,76.1,0.5,-0.7265350000000016,False,0,7.053069999999997
P07.R,CGTCTCAGGTCTCAAAGCTTATTATTCTTTAACATACAGGCACATAC,62.2,71.9,0.4,0.0,False,0,7.500000000000003
P08.F,CGTCTCGGTCTCAAATGCTGAAAAAAATCCTGAAAATCGAG,62.1,72.8,0.4,0.0,True,0,2.4000000000000012
P09.F,CGTCTCGGTCTCAAATGGTGAGCAAGGGCGAAGA,64.0,75.5,0.6,-1.3088650000000008,True,0,9.917730000000002
P10.R,CGTCTCAGGTCTCAAAGCTTATTATTTTGCACGGCTACGC,63.9,74.3,0.5,0.0,False,0,1.8999999999999986
P11.F,CGTCTCGGTCTCAAATGTGTGAAATCTTTGAAAACGAGAT,60.8,71.6,0.4,-3.4002750000000015,True,0,9.300550000000005
